{"prop_291417":{"model":1108364521,"coords":{"z":29.26490211486816,"x":-259.0967102050781,"y":-327.6906433105469},"count":1,"itemName":"sprunk","netId":65532,"rotation":{"z":11.33858203887939,"x":0.0,"y":0.0},"frozen":false,"metadata":[],"id":"prop_291417"}}