{"prop_291417":{"rotation":{"z":11.33858203887939,"x":0.0,"y":0.0},"count":1,"coords":{"z":29.26490211486816,"x":-259.0967102050781,"y":-327.6906433105469},"itemName":"sprunk","model":1108364521,"netId":65533,"id":"prop_291417","frozen":false,"metadata":[]}}