{"prop_185441":{"netId":65534,"frozen":false,"rotation":{"z":-34.0157470703125,"x":0.0,"y":0.0},"coords":{"z":58.0087890625,"x":345.5068664550781,"y":-200.7127227783203},"count":1,"id":"prop_185441","model":1108364521,"metadata":{"deliveryCoords":{"z":58.01919937133789,"x":346.0491027832031,"y":-199.75379943847657},"deliveryLabel":"Ponto de Teste - Entrega","deliveryType":"small","hasNPC":false,"description":"Destino: Ponto de Teste - Entrega"},"itemName":"delivery_small_box"},"prop_677559":{"netId":65533,"frozen":false,"rotation":{"z":153.07086181640626,"x":0.0,"y":0.0},"coords":{"z":58.01925277709961,"x":344.2952270507813,"y":-203.2357940673828},"count":1,"id":"prop_677559","model":1108364521,"metadata":{"deliveryCoords":{"z":58.01919937133789,"x":346.0491027832031,"y":-199.75379943847657},"deliveryLabel":"Ponto de Teste - Entrega","deliveryType":"large","hasNPC":false,"description":"Destino: Ponto de Teste - Entrega"},"itemName":"delivery_large_package"},"prop_893579":{"netId":65532,"frozen":false,"rotation":{"z":144.5669097900391,"x":0.0,"y":0.0},"coords":{"z":54.0862922668457,"x":331.16748046875,"y":-211.07601928710936},"count":1,"id":"prop_893579","model":1108364521,"metadata":{"deliveryCoords":{"z":54.0,"x":345.6700134277344,"y":-200.1199951171875},"deliveryLabel":"Garagem Central - Vinewood","deliveryType":"letter","hasNPC":false,"description":"Destino: Garagem Central - Vinewood"},"itemName":"delivery_letter"},"prop_762752":{"netId":65530,"frozen":false,"rotation":{"z":-102.04724884033205,"x":0.0,"y":0.0},"coords":{"z":29.59777641296386,"x":71.3845443725586,"y":-1561.7952880859376},"count":1,"id":"prop_762752","model":1108364521,"metadata":{"deliveryCoords":{"z":29.31999969482422,"x":116.33999633789064,"y":-1560.1199951171876},"deliveryLabel":"Rua do Paleto 102","deliveryType":"letter","hasNPC":false,"description":"Destino: Rua do Paleto 102"},"itemName":"delivery_letter"},"prop_453385":{"netId":65529,"frozen":false,"rotation":{"z":96.37794494628906,"x":0.0,"y":0.0},"coords":{"z":54.082763671875,"x":330.1676025390625,"y":-212.11962890625},"count":1,"id":"prop_453385","model":1108364521,"metadata":{"deliveryCoords":{"z":66.80000305175781,"x":1120.3399658203126,"y":-345.6700134277344},"deliveryLabel":"Casa de Campo - Mirror Park","deliveryType":"large","hasNPC":true,"description":"Destino: Casa de Campo - Mirror Park"},"itemName":"delivery_large_package"},"prop_737928":{"netId":65525,"frozen":false,"rotation":{"z":96.37794494628906,"x":0.0,"y":0.0},"coords":{"z":54.082763671875,"x":330.1676025390625,"y":-212.11962890625},"count":1,"id":"prop_737928","model":1108364521,"metadata":{"deliveryCoords":{"z":29.31999969482422,"x":116.33999633789064,"y":-1560.1199951171876},"deliveryLabel":"Rua do Paleto 102","deliveryType":"small","hasNPC":false,"description":"Destino: Rua do Paleto 102"},"itemName":"delivery_small_box"},"prop_291417":{"netId":65520,"frozen":false,"rotation":{"z":11.33858203887939,"x":0.0,"y":0.0},"coords":{"z":29.26490211486816,"x":-259.0967102050781,"y":-327.6906433105469},"count":1,"id":"prop_291417","model":1108364521,"metadata":[],"itemName":"sprunk"},"prop_660321":{"netId":65528,"frozen":false,"rotation":{"z":150.23622131347657,"x":0.0,"y":0.0},"coords":{"z":0.0,"x":0.0,"y":0.0},"count":1,"id":"prop_660321","model":1108364521,"metadata":{"deliveryCoords":{"z":58.01919937133789,"x":346.0491027832031,"y":-199.75379943847657},"deliveryLabel":"Ponto de Teste - Entrega","deliveryType":"large","hasNPC":false,"description":"Destino: Ponto de Teste - Entrega"},"itemName":"delivery_large_package"},"prop_901244":{"netId":65531,"frozen":false,"rotation":{"z":-34.0157470703125,"x":0.0,"y":0.0},"coords":{"z":58.0087890625,"x":345.5068664550781,"y":-200.7127227783203},"count":1,"id":"prop_901244","model":1108364521,"metadata":{"deliveryCoords":{"z":58.01919937133789,"x":346.0491027832031,"y":-199.75379943847657},"deliveryLabel":"Ponto de Teste - Entrega","deliveryType":"large","hasNPC":false,"description":"Destino: Ponto de Teste - Entrega"},"itemName":"delivery_large_package"},"prop_443466":{"netId":65524,"frozen":false,"rotation":{"z":96.37794494628906,"x":0.0,"y":0.0},"coords":{"z":54.082763671875,"x":330.1676025390625,"y":-212.11962890625},"count":1,"id":"prop_443466","model":1108364521,"metadata":{"deliveryCoords":{"z":13.80000019073486,"x":-1182.1099853515626,"y":-892.4500122070313},"deliveryLabel":"Cafeteria - Del Perro","deliveryType":"large","hasNPC":false,"description":"Destino: Cafeteria - Del Perro"},"itemName":"delivery_large_package"},"prop_374500":{"netId":65521,"frozen":false,"rotation":{"z":53.85826873779297,"x":0.0,"y":0.0},"coords":{"z":54.082763671875,"x":328.8396606445313,"y":-210.9391632080078},"count":1,"id":"prop_374500","model":1108364521,"metadata":{"deliveryCoords":{"z":29.31999969482422,"x":116.33999633789064,"y":-1560.1199951171876},"deliveryLabel":"Rua do Paleto 102","deliveryType":"large","hasNPC":true,"description":"Destino: Rua do Paleto 102"},"itemName":"delivery_large_package"},"prop_799817":{"netId":65523,"frozen":false,"rotation":{"z":-34.0157470703125,"x":0.0,"y":0.0},"coords":{"z":58.0087890625,"x":345.5068664550781,"y":-200.7127227783203},"count":1,"id":"prop_799817","model":1108364521,"metadata":{"deliveryCoords":{"z":58.01919937133789,"x":346.0491027832031,"y":-199.75379943847657},"deliveryLabel":"Ponto de Teste - Entrega","deliveryType":"letter","hasNPC":false,"description":"Destino: Ponto de Teste - Entrega"},"itemName":"delivery_letter"},"prop_915060":{"netId":65522,"frozen":false,"rotation":{"z":113.38582611083985,"x":0.0,"y":0.0},"coords":{"z":29.5977783203125,"x":70.68714904785156,"y":-1562.5758056640626},"count":1,"id":"prop_915060","model":1108364521,"metadata":{"deliveryCoords":{"z":31.5,"x":-321.4500122070313,"y":-1345.1199951171876},"deliveryLabel":"Loja de Conveniência - Clinton","deliveryType":"letter","hasNPC":false,"description":"Destino: Loja de Conveniência - Clinton"},"itemName":"delivery_letter"},"prop_245447":{"netId":65526,"frozen":false,"rotation":{"z":-17.00787353515625,"x":0.0,"y":0.0},"coords":{"z":58.0087890625,"x":345.47796630859377,"y":-200.9272918701172},"count":1,"id":"prop_245447","model":1108364521,"metadata":{"deliveryCoords":{"z":58.01919937133789,"x":346.0491027832031,"y":-199.75379943847657},"deliveryLabel":"Ponto de Teste - Entrega","deliveryType":"small","hasNPC":false,"description":"Destino: Ponto de Teste - Entrega"},"itemName":"delivery_small_box"},"prop_490177":{"netId":65527,"frozen":false,"rotation":{"z":-34.0157470703125,"x":0.0,"y":0.0},"coords":{"z":58.0087890625,"x":345.5068664550781,"y":-200.7127227783203},"count":1,"id":"prop_490177","model":1108364521,"metadata":{"deliveryCoords":{"z":58.01919937133789,"x":346.0491027832031,"y":-199.75379943847657},"deliveryLabel":"Ponto de Teste - Entrega","deliveryType":"small","hasNPC":false,"description":"Destino: Ponto de Teste - Entrega"},"itemName":"delivery_small_box"}}