{
    "voltic": {
        "fAntiRollBarBiasFront": 0.63999998569488,
        "fTractionLossMult": 1,
        "fRollCentreHeightRear": 0.36000001430511,
        "vecInertiaMultiplier": {
            "y": 1.29999995231628,
            "x": 1.29999995231628,
            "z": 1.5
        },
        "fPetrolTankVolume": 0,
        "vecCentreOfMassOffset": {
            "y": 0,
            "x": 0,
            "z": 0
        },
        "fSuspensionForce": 1.79999995231628,
        "fTractionBiasFront": 0.48500001430511,
        "fPercentSubmerged": 85,
        "fRollCentreHeightFront": 0.36000001430511,
        "fWeaponDamageMult": 1.10000002384185,
        "fLowSpeedTractionLossMult": 1,
        "fTractionCurveLateral": 22.5,
        "fSteeringLock": 42,
        "fSuspensionLowerLimit": -0.11999999731779,
        "fTractionCurveMin": 2.38000011444091,
        "fCamberStiffnesss": 0,
        "fDriveBiasFront": 0,
        "fMass": 1030,
        "fTractionSpringDeltaMax": 0.15000000596046,
        "fSuspensionRaise": 0,
        "fCollisionDamageMult": 0.69999998807907,
        "fOilVolume": 0,
        "fDriveInertia": 1,
        "fClutchChangeRateScaleUpShift": 2.29999995231628,
        "fAntiRollBarForce": 0.80000001192092,
        "fEngineDamageMult": 1.5,
        "nInitialDriveGears": 1,
        "fSuspensionUpperLimit": 0.11999999731779,
        "fInitialDriveForce": 0.18000000715255,
        "fSuspensionReboundDamp": 1.79999995231628,
        "fHandBrakeForce": 0.5,
        "fBrakeBiasFront": 0.55000001192092,
        "fDeformationDamageMult": 0.69999998807907,
        "nMonetaryValue": 80000,
        "fClutchChangeRateScaleDownShift": 1.29999995231628,
        "fInitialDragCoeff": 8,
        "fSuspensionCompDamp": 1.20000004768371,
        "fSuspensionBiasFront": 0.5,
        "fInitialDriveMaxFlatVel": 145,
        "fTractionCurveMax": 2.52999997138977,
        "fBrakeForce": 1
    }
}